Phone Number,Name,Email,Developer,Project,Date
+34658588921,Heidie Cad 1,heidie.cad.1@lgdisplay.com,samana,Barari Viwes 2,2024-06-13 10:44:50.099695
+34709038296,Gilberte Aguie 1,gilberte.aguie.1@daiwahouse.co.jp,samana,Samana Lake Viwes,2024-06-13 00:15:53.345273
+33770541613,Roxanne Claiborne 1,roxanne.claiborne.1@daiwahouse.co.jp,samana,Barari Viwes 2,2024-06-12 18:59:19.134511
+33745094184,Bren Benedikt 1,bren.benedikt.1@zf.com,samana,Samana Manhattan,2024-06-13 07:53:00.653170
+12402794685,Drusi Noel 1,drusi.noel.1@iairgroup.com,samana,Samana Lake Viwes,2024-06-12 22:59:12.982631
+12404288306,Berni Verne 1,berni.verne.1@northropgrumman.com,samana,Barari Viwes 2,2024-06-13 06:55:53.081091
+34686593649,Rafael Rivera Romero 0 ,rafael.rivera.romero.0.@cosmo-oil.co.jp,samana,Samana Lake Viwes,2024-06-12 14:06:00.998697
+12402811023,Seung Je Sung 0 ,seung.je.sung.0.@gasterra.nl,samana,Samana Manhattan,2024-06-12 14:41:14.536250
,Melody Grantham 1,melody.grantham.1@ongcindia.com,samana,Barari Viwes 2,2024-06-13 00:53:53.371953
+34752549591,Lyndy Tyson 1,lyndy.tyson.1@qualcomm.com,samana,Samana Lake Viwes,2024-06-12 23:30:24.784290
+34631455862,Paula Zachary 1,paula.zachary.1@aboutmcdonalds.com,samana,Barari Viwes 2,2024-06-13 13:22:53.988544
+12401835453,Cesya Derry 1,cesya.derry.1@greenergy.com,samana,Samana Manhattan,2024-06-13 00:13:40.650675
+12400515236,Em Isidor 1,em.isidor.1@samsunglife.com,samana,Barari Viwes 2,2024-06-12 19:35:58.573819
+34796219856,Vin Mitchel 1,vin.mitchel.1@greenergy.com,samana,Samana Lake Viwes,2024-06-13 12:19:10.218134
,Sandye Elton 1,sandye.elton.1@lotteshopping.com,samana,Samana Manhattan,2024-06-12 22:07:50.203016
